<?xml version="1.0" encoding="UTF-8"?>
<point_cloud version="1.2.0">
  <tracks path="tracks.ply" count="135548"/>
  <points path="points.ply" count="111243"/>
  <projections camera_id="0" path="p0.ply" count="4951"/>
  <projections camera_id="1" path="p1.ply" count="5562"/>
  <projections camera_id="2" path="p2.ply" count="5586"/>
  <projections camera_id="3" path="p3.ply" count="6015"/>
  <projections camera_id="4" path="p4.ply" count="5535"/>
  <projections camera_id="5" path="p5.ply" count="5501"/>
  <projections camera_id="6" path="p6.ply" count="5048"/>
  <projections camera_id="7" path="p7.ply" count="4796"/>
  <projections camera_id="8" path="p8.ply" count="4438"/>
  <projections camera_id="9" path="p9.ply" count="4242"/>
  <projections camera_id="10" path="p10.ply" count="4290"/>
  <projections camera_id="11" path="p11.ply" count="4367"/>
  <projections camera_id="12" path="p12.ply" count="4303"/>
  <projections camera_id="13" path="p13.ply" count="4398"/>
  <projections camera_id="14" path="p14.ply" count="4538"/>
  <projections camera_id="15" path="p15.ply" count="4450"/>
  <projections camera_id="16" path="p16.ply" count="4300"/>
  <projections camera_id="17" path="p17.ply" count="4213"/>
  <projections camera_id="18" path="p18.ply" count="4184"/>
  <projections camera_id="19" path="p19.ply" count="4186"/>
  <projections camera_id="20" path="p20.ply" count="4268"/>
  <projections camera_id="21" path="p21.ply" count="4185"/>
  <projections camera_id="22" path="p22.ply" count="4615"/>
  <projections camera_id="23" path="p23.ply" count="4478"/>
  <projections camera_id="24" path="p24.ply" count="4398"/>
  <projections camera_id="25" path="p25.ply" count="4431"/>
  <projections camera_id="26" path="p26.ply" count="4543"/>
  <projections camera_id="27" path="p27.ply" count="4488"/>
  <projections camera_id="28" path="p28.ply" count="4495"/>
  <projections camera_id="29" path="p29.ply" count="4799"/>
  <projections camera_id="30" path="p30.ply" count="4525"/>
  <projections camera_id="31" path="p31.ply" count="4568"/>
  <projections camera_id="32" path="p32.ply" count="4394"/>
  <projections camera_id="33" path="p33.ply" count="4626"/>
  <projections camera_id="34" path="p34.ply" count="4589"/>
  <projections camera_id="35" path="p35.ply" count="4546"/>
  <projections camera_id="36" path="p36.ply" count="5072"/>
  <projections camera_id="37" path="p37.ply" count="5102"/>
  <projections camera_id="38" path="p38.ply" count="5221"/>
  <projections camera_id="39" path="p39.ply" count="5139"/>
  <projections camera_id="40" path="p40.ply" count="5269"/>
  <projections camera_id="41" path="p41.ply" count="6119"/>
  <projections camera_id="42" path="p42.ply" count="7048"/>
  <projections camera_id="43" path="p43.ply" count="7966"/>
  <projections camera_id="44" path="p44.ply" count="9005"/>
  <projections camera_id="45" path="p45.ply" count="4091"/>
  <projections camera_id="46" path="p46.ply" count="7969"/>
  <projections camera_id="47" path="p47.ply" count="9038"/>
  <projections camera_id="48" path="p48.ply" count="4138"/>
  <projections camera_id="49" path="p49.ply" count="9636"/>
  <projections camera_id="50" path="p50.ply" count="9306"/>
  <projections camera_id="51" path="p51.ply" count="9419"/>
  <projections camera_id="52" path="p52.ply" count="4091"/>
  <projections camera_id="53" path="p53.ply" count="4112"/>
  <projections camera_id="54" path="p54.ply" count="509"/>
  <projections camera_id="55" path="p55.ply" count="4656"/>
  <projections camera_id="56" path="p56.ply" count="4911"/>
  <projections camera_id="57" path="p57.ply" count="4978"/>
  <projections camera_id="58" path="p58.ply" count="5315"/>
  <projections camera_id="59" path="p59.ply" count="5623"/>
  <projections camera_id="60" path="p60.ply" count="5531"/>
  <projections camera_id="61" path="p61.ply" count="4286"/>
  <projections camera_id="62" path="p62.ply" count="4088"/>
  <projections camera_id="63" path="p63.ply" count="3987"/>
  <projections camera_id="64" path="p64.ply" count="4051"/>
  <projections camera_id="65" path="p65.ply" count="4642"/>
  <projections camera_id="66" path="p66.ply" count="5449"/>
  <projections camera_id="67" path="p67.ply" count="6306"/>
  <projections camera_id="68" path="p68.ply" count="6399"/>
  <projections camera_id="69" path="p69.ply" count="6569"/>
  <projections camera_id="70" path="p70.ply" count="6693"/>
  <projections camera_id="71" path="p71.ply" count="4226"/>
  <projections camera_id="72" path="p72.ply" count="5639"/>
  <projections camera_id="73" path="p73.ply" count="5172"/>
  <projections camera_id="74" path="p74.ply" count="4972"/>
  <projections camera_id="75" path="p75.ply" count="4918"/>
  <projections camera_id="76" path="p76.ply" count="4884"/>
  <projections camera_id="77" path="p77.ply" count="4025"/>
  <projections camera_id="78" path="p78.ply" count="3055"/>
  <projections camera_id="79" path="p79.ply" count="2189"/>
  <projections camera_id="80" path="p80.ply" count="4383"/>
  <projections camera_id="81" path="p81.ply" count="4178"/>
  <projections camera_id="82" path="p82.ply" count="4312"/>
  <projections camera_id="83" path="p83.ply" count="4145"/>
  <projections camera_id="84" path="p84.ply" count="4158"/>
  <projections camera_id="85" path="p85.ply" count="4103"/>
  <projections camera_id="86" path="p86.ply" count="4170"/>
  <projections camera_id="87" path="p87.ply" count="4052"/>
  <projections camera_id="88" path="p88.ply" count="4105"/>
  <projections camera_id="89" path="p89.ply" count="4338"/>
  <projections camera_id="90" path="p90.ply" count="5998"/>
  <projections camera_id="91" path="p91.ply" count="6490"/>
  <projections camera_id="92" path="p92.ply" count="6681"/>
  <projections camera_id="93" path="p93.ply" count="6464"/>
  <projections camera_id="94" path="p94.ply" count="5245"/>
  <projections camera_id="95" path="p95.ply" count="5241"/>
  <projections camera_id="96" path="p96.ply" count="5975"/>
  <projections camera_id="97" path="p97.ply" count="5599"/>
  <projections camera_id="98" path="p98.ply" count="5035"/>
  <projections camera_id="99" path="p99.ply" count="5662"/>
  <projections camera_id="100" path="p100.ply" count="6288"/>
  <projections camera_id="101" path="p101.ply" count="4710"/>
  <projections camera_id="102" path="p102.ply" count="5350"/>
  <projections camera_id="103" path="p103.ply" count="4759"/>
  <projections camera_id="104" path="p104.ply" count="4669"/>
  <projections camera_id="105" path="p105.ply" count="5277"/>
  <projections camera_id="106" path="p106.ply" count="5086"/>
  <projections camera_id="107" path="p107.ply" count="4781"/>
  <projections camera_id="108" path="p108.ply" count="4300"/>
  <projections camera_id="109" path="p109.ply" count="6895"/>
  <projections camera_id="110" path="p110.ply" count="7128"/>
  <projections camera_id="111" path="p111.ply" count="7141"/>
  <projections camera_id="112" path="p112.ply" count="7344"/>
  <projections camera_id="113" path="p113.ply" count="7145"/>
  <projections camera_id="114" path="p114.ply" count="7041"/>
  <projections camera_id="115" path="p115.ply" count="4363"/>
  <projections camera_id="116" path="p116.ply" count="4158"/>
  <projections camera_id="117" path="p117.ply" count="4451"/>
  <projections camera_id="118" path="p118.ply" count="4075"/>
  <projections camera_id="119" path="p119.ply" count="4850"/>
  <projections camera_id="120" path="p120.ply" count="4753"/>
  <projections camera_id="121" path="p121.ply" count="4060"/>
  <projections camera_id="122" path="p122.ply" count="4145"/>
  <projections camera_id="123" path="p123.ply" count="4063"/>
  <projections camera_id="124" path="p124.ply" count="4188"/>
  <projections camera_id="125" path="p125.ply" count="5214"/>
  <projections camera_id="126" path="p126.ply" count="4233"/>
  <projections camera_id="127" path="p127.ply" count="5109"/>
  <projections camera_id="128" path="p128.ply" count="4495"/>
  <projections camera_id="129" path="p129.ply" count="4269"/>
  <projections camera_id="130" path="p130.ply" count="4061"/>
  <projections camera_id="131" path="p131.ply" count="4639"/>
  <projections camera_id="132" path="p132.ply" count="5148"/>
  <projections camera_id="133" path="p133.ply" count="4861"/>
  <projections camera_id="134" path="p134.ply" count="5046"/>
  <projections camera_id="135" path="p135.ply" count="6264"/>
  <projections camera_id="136" path="p136.ply" count="7482"/>
  <projections camera_id="137" path="p137.ply" count="8537"/>
  <projections camera_id="138" path="p138.ply" count="7687"/>
  <projections camera_id="139" path="p139.ply" count="3894"/>
  <projections camera_id="140" path="p140.ply" count="8957"/>
  <projections camera_id="141" path="p141.ply" count="9234"/>
  <projections camera_id="142" path="p142.ply" count="9053"/>
  <projections camera_id="143" path="p143.ply" count="7800"/>
  <projections camera_id="144" path="p144.ply" count="9015"/>
  <projections camera_id="145" path="p145.ply" count="8841"/>
  <projections camera_id="146" path="p146.ply" count="7980"/>
  <projections camera_id="147" path="p147.ply" count="9058"/>
  <projections camera_id="148" path="p148.ply" count="8579"/>
  <projections camera_id="149" path="p149.ply" count="3939"/>
  <projections camera_id="150" path="p150.ply" count="4031"/>
  <projections camera_id="151" path="p151.ply" count="4275"/>
  <projections camera_id="152" path="p152.ply" count="4265"/>
  <projections camera_id="153" path="p153.ply" count="4021"/>
  <projections camera_id="154" path="p154.ply" count="4205"/>
  <projections camera_id="155" path="p155.ply" count="4627"/>
  <projections camera_id="156" path="p156.ply" count="4717"/>
  <projections camera_id="157" path="p157.ply" count="4251"/>
  <projections camera_id="158" path="p158.ply" count="2338"/>
  <projections camera_id="159" path="p159.ply" count="4348"/>
  <projections camera_id="160" path="p160.ply" count="4630"/>
  <projections camera_id="161" path="p161.ply" count="4453"/>
  <projections camera_id="162" path="p162.ply" count="3985"/>
  <projections camera_id="163" path="p163.ply" count="1891"/>
  <projections camera_id="164" path="p164.ply" count="4564"/>
  <projections camera_id="165" path="p165.ply" count="3917"/>
  <projections camera_id="166" path="p166.ply" count="4022"/>
  <projections camera_id="167" path="p167.ply" count="4096"/>
  <projections camera_id="168" path="p168.ply" count="4175"/>
  <projections camera_id="169" path="p169.ply" count="4458"/>
  <projections camera_id="170" path="p170.ply" count="4354"/>
  <projections camera_id="171" path="p171.ply" count="4101"/>
  <projections camera_id="172" path="p172.ply" count="4226"/>
  <projections camera_id="173" path="p173.ply" count="4347"/>
  <projections camera_id="174" path="p174.ply" count="4414"/>
  <projections camera_id="175" path="p175.ply" count="4063"/>
  <projections camera_id="176" path="p176.ply" count="5059"/>
  <projections camera_id="177" path="p177.ply" count="3998"/>
  <projections camera_id="178" path="p178.ply" count="1962"/>
  <projections camera_id="179" path="p179.ply" count="5503"/>
  <projections camera_id="180" path="p180.ply" count="6330"/>
  <projections camera_id="181" path="p181.ply" count="3994"/>
  <projections camera_id="182" path="p182.ply" count="4000"/>
  <projections camera_id="183" path="p183.ply" count="277"/>
  <projections camera_id="184" path="p184.ply" count="140"/>
  <projections camera_id="185" path="p185.ply" count="151"/>
  <projections camera_id="186" path="p186.ply" count="57"/>
  <projections camera_id="187" path="p187.ply" count="4050"/>
  <projections camera_id="188" path="p188.ply" count="125"/>
  <projections camera_id="189" path="p189.ply" count="3990"/>
  <projections camera_id="190" path="p190.ply" count="4305"/>
  <projections camera_id="191" path="p191.ply" count="4652"/>
  <projections camera_id="192" path="p192.ply" count="3976"/>
  <projections camera_id="193" path="p193.ply" count="1201"/>
  <projections camera_id="194" path="p194.ply" count="1231"/>
  <projections camera_id="195" path="p195.ply" count="130"/>
  <projections camera_id="196" path="p196.ply" count="515"/>
  <projections camera_id="197" path="p197.ply" count="454"/>
  <projections camera_id="198" path="p198.ply" count="4002"/>
  <meta>
    <property name="match/duration" value="3366.510894"/>
    <property name="match/match_downscale" value="1"/>
    <property name="match/match_filter_mask" value="true"/>
    <property name="match/match_point_limit" value="40000"/>
    <property name="match/match_select_pairs" value="1"/>
    <property name="match/match_tiepoint_limit" value="4000"/>
  </meta>
</point_cloud>
